[
{
    "model": "auth.permission",
    "pk": 1,
    "fields": {
        "name": "Can add log entry",
        "content_type": 1,
        "codename": "add_logentry"
    }
},
{
    "model": "auth.permission",
    "pk": 2,
    "fields": {
        "name": "Can change log entry",
        "content_type": 1,
        "codename": "change_logentry"
    }
},
{
    "model": "auth.permission",
    "pk": 3,
    "fields": {
        "name": "Can delete log entry",
        "content_type": 1,
        "codename": "delete_logentry"
    }
},
{
    "model": "auth.permission",
    "pk": 4,
    "fields": {
        "name": "Can view log entry",
        "content_type": 1,
        "codename": "view_logentry"
    }
},
{
    "model": "auth.permission",
    "pk": 5,
    "fields": {
        "name": "Can add permission",
        "content_type": 2,
        "codename": "add_permission"
    }
},
{
    "model": "auth.permission",
    "pk": 6,
    "fields": {
        "name": "Can change permission",
        "content_type": 2,
        "codename": "change_permission"
    }
},
{
    "model": "auth.permission",
    "pk": 7,
    "fields": {
        "name": "Can delete permission",
        "content_type": 2,
        "codename": "delete_permission"
    }
},
{
    "model": "auth.permission",
    "pk": 8,
    "fields": {
        "name": "Can view permission",
        "content_type": 2,
        "codename": "view_permission"
    }
},
{
    "model": "auth.permission",
    "pk": 9,
    "fields": {
        "name": "Can add group",
        "content_type": 3,
        "codename": "add_group"
    }
},
{
    "model": "auth.permission",
    "pk": 10,
    "fields": {
        "name": "Can change group",
        "content_type": 3,
        "codename": "change_group"
    }
},
{
    "model": "auth.permission",
    "pk": 11,
    "fields": {
        "name": "Can delete group",
        "content_type": 3,
        "codename": "delete_group"
    }
},
{
    "model": "auth.permission",
    "pk": 12,
    "fields": {
        "name": "Can view group",
        "content_type": 3,
        "codename": "view_group"
    }
},
{
    "model": "auth.permission",
    "pk": 13,
    "fields": {
        "name": "Can add content type",
        "content_type": 4,
        "codename": "add_contenttype"
    }
},
{
    "model": "auth.permission",
    "pk": 14,
    "fields": {
        "name": "Can change content type",
        "content_type": 4,
        "codename": "change_contenttype"
    }
},
{
    "model": "auth.permission",
    "pk": 15,
    "fields": {
        "name": "Can delete content type",
        "content_type": 4,
        "codename": "delete_contenttype"
    }
},
{
    "model": "auth.permission",
    "pk": 16,
    "fields": {
        "name": "Can view content type",
        "content_type": 4,
        "codename": "view_contenttype"
    }
},
{
    "model": "auth.permission",
    "pk": 17,
    "fields": {
        "name": "Can add session",
        "content_type": 5,
        "codename": "add_session"
    }
},
{
    "model": "auth.permission",
    "pk": 18,
    "fields": {
        "name": "Can change session",
        "content_type": 5,
        "codename": "change_session"
    }
},
{
    "model": "auth.permission",
    "pk": 19,
    "fields": {
        "name": "Can delete session",
        "content_type": 5,
        "codename": "delete_session"
    }
},
{
    "model": "auth.permission",
    "pk": 20,
    "fields": {
        "name": "Can view session",
        "content_type": 5,
        "codename": "view_session"
    }
},
{
    "model": "auth.permission",
    "pk": 21,
    "fields": {
        "name": "Can add user account",
        "content_type": 6,
        "codename": "add_useraccount"
    }
},
{
    "model": "auth.permission",
    "pk": 22,
    "fields": {
        "name": "Can change user account",
        "content_type": 6,
        "codename": "change_useraccount"
    }
},
{
    "model": "auth.permission",
    "pk": 23,
    "fields": {
        "name": "Can delete user account",
        "content_type": 6,
        "codename": "delete_useraccount"
    }
},
{
    "model": "auth.permission",
    "pk": 24,
    "fields": {
        "name": "Can view user account",
        "content_type": 6,
        "codename": "view_useraccount"
    }
},
{
    "model": "auth.permission",
    "pk": 25,
    "fields": {
        "name": "Can add password generator",
        "content_type": 7,
        "codename": "add_passwordgenerator"
    }
},
{
    "model": "auth.permission",
    "pk": 26,
    "fields": {
        "name": "Can change password generator",
        "content_type": 7,
        "codename": "change_passwordgenerator"
    }
},
{
    "model": "auth.permission",
    "pk": 27,
    "fields": {
        "name": "Can delete password generator",
        "content_type": 7,
        "codename": "delete_passwordgenerator"
    }
},
{
    "model": "auth.permission",
    "pk": 28,
    "fields": {
        "name": "Can view password generator",
        "content_type": 7,
        "codename": "view_passwordgenerator"
    }
},
{
    "model": "auth.permission",
    "pk": 29,
    "fields": {
        "name": "Can add pass code",
        "content_type": 8,
        "codename": "add_passcode"
    }
},
{
    "model": "auth.permission",
    "pk": 30,
    "fields": {
        "name": "Can change pass code",
        "content_type": 8,
        "codename": "change_passcode"
    }
},
{
    "model": "auth.permission",
    "pk": 31,
    "fields": {
        "name": "Can delete pass code",
        "content_type": 8,
        "codename": "delete_passcode"
    }
},
{
    "model": "auth.permission",
    "pk": 32,
    "fields": {
        "name": "Can view pass code",
        "content_type": 8,
        "codename": "view_passcode"
    }
},
{
    "model": "auth.permission",
    "pk": 33,
    "fields": {
        "name": "Can add category",
        "content_type": 9,
        "codename": "add_category"
    }
},
{
    "model": "auth.permission",
    "pk": 34,
    "fields": {
        "name": "Can change category",
        "content_type": 9,
        "codename": "change_category"
    }
},
{
    "model": "auth.permission",
    "pk": 35,
    "fields": {
        "name": "Can delete category",
        "content_type": 9,
        "codename": "delete_category"
    }
},
{
    "model": "auth.permission",
    "pk": 36,
    "fields": {
        "name": "Can view category",
        "content_type": 9,
        "codename": "view_category"
    }
},
{
    "model": "auth.permission",
    "pk": 37,
    "fields": {
        "name": "Can add secure item info",
        "content_type": 10,
        "codename": "add_secureiteminfo"
    }
},
{
    "model": "auth.permission",
    "pk": 38,
    "fields": {
        "name": "Can change secure item info",
        "content_type": 10,
        "codename": "change_secureiteminfo"
    }
},
{
    "model": "auth.permission",
    "pk": 39,
    "fields": {
        "name": "Can delete secure item info",
        "content_type": 10,
        "codename": "delete_secureiteminfo"
    }
},
{
    "model": "auth.permission",
    "pk": 40,
    "fields": {
        "name": "Can view secure item info",
        "content_type": 10,
        "codename": "view_secureiteminfo"
    }
},
{
    "model": "auth.permission",
    "pk": 41,
    "fields": {
        "name": "Can add platform",
        "content_type": 11,
        "codename": "add_platform"
    }
},
{
    "model": "auth.permission",
    "pk": 42,
    "fields": {
        "name": "Can change platform",
        "content_type": 11,
        "codename": "change_platform"
    }
},
{
    "model": "auth.permission",
    "pk": 43,
    "fields": {
        "name": "Can delete platform",
        "content_type": 11,
        "codename": "delete_platform"
    }
},
{
    "model": "auth.permission",
    "pk": 44,
    "fields": {
        "name": "Can view platform",
        "content_type": 11,
        "codename": "view_platform"
    }
},
{
    "model": "auth.permission",
    "pk": 45,
    "fields": {
        "name": "Can add item secret ingredient",
        "content_type": 12,
        "codename": "add_itemsecretingredient"
    }
},
{
    "model": "auth.permission",
    "pk": 46,
    "fields": {
        "name": "Can change item secret ingredient",
        "content_type": 12,
        "codename": "change_itemsecretingredient"
    }
},
{
    "model": "auth.permission",
    "pk": 47,
    "fields": {
        "name": "Can delete item secret ingredient",
        "content_type": 12,
        "codename": "delete_itemsecretingredient"
    }
},
{
    "model": "auth.permission",
    "pk": 48,
    "fields": {
        "name": "Can view item secret ingredient",
        "content_type": 12,
        "codename": "view_itemsecretingredient"
    }
},
{
    "model": "auth.permission",
    "pk": 49,
    "fields": {
        "name": "Can add item secret",
        "content_type": 13,
        "codename": "add_itemsecret"
    }
},
{
    "model": "auth.permission",
    "pk": 50,
    "fields": {
        "name": "Can change item secret",
        "content_type": 13,
        "codename": "change_itemsecret"
    }
},
{
    "model": "auth.permission",
    "pk": 51,
    "fields": {
        "name": "Can delete item secret",
        "content_type": 13,
        "codename": "delete_itemsecret"
    }
},
{
    "model": "auth.permission",
    "pk": 52,
    "fields": {
        "name": "Can view item secret",
        "content_type": 13,
        "codename": "view_itemsecret"
    }
},
{
    "model": "contenttypes.contenttype",
    "pk": 1,
    "fields": {
        "app_label": "admin",
        "model": "logentry"
    }
},
{
    "model": "contenttypes.contenttype",
    "pk": 2,
    "fields": {
        "app_label": "auth",
        "model": "permission"
    }
},
{
    "model": "contenttypes.contenttype",
    "pk": 3,
    "fields": {
        "app_label": "auth",
        "model": "group"
    }
},
{
    "model": "contenttypes.contenttype",
    "pk": 4,
    "fields": {
        "app_label": "contenttypes",
        "model": "contenttype"
    }
},
{
    "model": "contenttypes.contenttype",
    "pk": 5,
    "fields": {
        "app_label": "sessions",
        "model": "session"
    }
},
{
    "model": "contenttypes.contenttype",
    "pk": 6,
    "fields": {
        "app_label": "account",
        "model": "useraccount"
    }
},
{
    "model": "contenttypes.contenttype",
    "pk": 7,
    "fields": {
        "app_label": "account",
        "model": "passwordgenerator"
    }
},
{
    "model": "contenttypes.contenttype",
    "pk": 8,
    "fields": {
        "app_label": "account",
        "model": "passcode"
    }
},
{
    "model": "contenttypes.contenttype",
    "pk": 9,
    "fields": {
        "app_label": "secureapp",
        "model": "category"
    }
},
{
    "model": "contenttypes.contenttype",
    "pk": 10,
    "fields": {
        "app_label": "secureapp",
        "model": "secureiteminfo"
    }
},
{
    "model": "contenttypes.contenttype",
    "pk": 11,
    "fields": {
        "app_label": "secureapp",
        "model": "platform"
    }
},
{
    "model": "contenttypes.contenttype",
    "pk": 12,
    "fields": {
        "app_label": "secureapp",
        "model": "itemsecretingredient"
    }
},
{
    "model": "contenttypes.contenttype",
    "pk": 13,
    "fields": {
        "app_label": "secureapp",
        "model": "itemsecret"
    }
},
{
    "model": "account.useraccount",
    "pk": 1,
    "fields": {
        "password": "pbkdf2_sha256$600000$kzx05Udnc8YDhOtaz3SxXq$/7uYweY8Lg7F3hzmDaMgbR/U1kTMsJYIlOGOxqRJbDs=",
        "last_login": null,
        "first_name": "Usman",
        "last_name": "Musa",
        "gender": "male",
        "date_of_birth": null,
        "username": "usmanmusa1920",
        "email": "usmanmusa1920@gmail.com",
        "phone_number": "+2348123456789",
        "country": "",
        "date_joined": "2023-09-25T17:29:01.373Z",
        "last_modified": "2023-09-25T17:29:38.593Z",
        "passcode_hash": null,
        "is_active": true,
        "is_staff": true,
        "is_superuser": true
    }
},
{
    "model": "account.useraccount",
    "pk": 2,
    "fields": {
        "password": "pbkdf2_sha256$600000$voN43bAtM1P1gWd2bEmE5f$RaL61FsmU78IeFLAwTdf4fBvoakWm/fE5E0wibFf6YY=",
        "last_login": null,
        "first_name": "Aliyu",
        "last_name": "Muhammad",
        "gender": "male",
        "date_of_birth": null,
        "username": "aliyumuhammad",
        "email": "aliyumuhammad@gmail.com",
        "phone_number": "+2348123456789",
        "country": "",
        "date_joined": "2023-09-25T17:29:04.652Z",
        "last_modified": "2023-09-25T17:29:38.741Z",
        "passcode_hash": null,
        "is_active": true,
        "is_staff": false,
        "is_superuser": false
    }
},
{
    "model": "account.useraccount",
    "pk": 3,
    "fields": {
        "password": "pbkdf2_sha256$600000$tYe9GT94iJyAKKZxAt9YNd$lkvAZW8J/ddaoMoY8G3xsrs7hqPWJHxm/ozZSjezbmE=",
        "last_login": null,
        "first_name": "Fatima",
        "last_name": "Sani",
        "gender": "male",
        "date_of_birth": null,
        "username": "fatimasani",
        "email": "fatimasani@gmail.com",
        "phone_number": "+2348123456789",
        "country": "",
        "date_joined": "2023-09-25T17:29:09.678Z",
        "last_modified": "2023-09-25T17:29:38.887Z",
        "passcode_hash": null,
        "is_active": true,
        "is_staff": false,
        "is_superuser": false
    }
},
{
    "model": "account.useraccount",
    "pk": 4,
    "fields": {
        "password": "pbkdf2_sha256$600000$7YWqFFuMRSFmIoxCCEkalQ$lIs0XkJAbjQFxMGvVWoKYooUnfd8JposVvRnEIdZDYU=",
        "last_login": null,
        "first_name": "Ahmad",
        "last_name": "Amiun",
        "gender": "male",
        "date_of_birth": null,
        "username": "ahmadaminu",
        "email": "ahmadaminu@gmail.com",
        "phone_number": "+2348123456789",
        "country": "",
        "date_joined": "2023-09-25T17:29:14.005Z",
        "last_modified": "2023-09-25T17:29:39.053Z",
        "passcode_hash": null,
        "is_active": true,
        "is_staff": false,
        "is_superuser": false
    }
},
{
    "model": "account.useraccount",
    "pk": 5,
    "fields": {
        "password": "pbkdf2_sha256$600000$oasGJmjsNI7DXUrNbAZSTQ$BgWZg5Efn4uhPG3W21UaDN0cRnCaM6luPxrcnww6Z44=",
        "last_login": null,
        "first_name": "John",
        "last_name": "Christain",
        "gender": "male",
        "date_of_birth": null,
        "username": "johnchristain",
        "email": "johnchristain@gmail.com",
        "phone_number": "+2348123456789",
        "country": "",
        "date_joined": "2023-09-25T17:29:17.687Z",
        "last_modified": "2023-09-25T17:29:39.221Z",
        "passcode_hash": null,
        "is_active": true,
        "is_staff": false,
        "is_superuser": false
    }
},
{
    "model": "account.useraccount",
    "pk": 6,
    "fields": {
        "password": "pbkdf2_sha256$600000$xZPk6dptWOtlRQuPVIYOHZ$V4ksK9XNWP6IjjhN/U/U38rloEV0SxpTekOKSem8Qnc=",
        "last_login": null,
        "first_name": "Nura",
        "last_name": "Ali",
        "gender": "male",
        "date_of_birth": null,
        "username": "nuraali",
        "email": "nuraali@gmail.com",
        "phone_number": "+2348123456789",
        "country": "",
        "date_joined": "2023-09-25T17:29:20.553Z",
        "last_modified": "2023-09-25T17:29:39.597Z",
        "passcode_hash": null,
        "is_active": true,
        "is_staff": false,
        "is_superuser": false
    }
},
{
    "model": "account.useraccount",
    "pk": 7,
    "fields": {
        "password": "pbkdf2_sha256$600000$SDfvVDoAIYCBJFWL3hirOE$6knsTYglOmFvyEE+mgDSfexDVQaemeO/wy8zrD0hBkI=",
        "last_login": null,
        "first_name": "Zainab",
        "last_name": "Musa",
        "gender": "male",
        "date_of_birth": null,
        "username": "zainabmusa",
        "email": "zainabmusa@gmail.com",
        "phone_number": "+2348123456789",
        "country": "",
        "date_joined": "2023-09-25T17:29:23.429Z",
        "last_modified": "2023-09-25T17:29:39.746Z",
        "passcode_hash": null,
        "is_active": true,
        "is_staff": false,
        "is_superuser": false
    }
},
{
    "model": "account.useraccount",
    "pk": 8,
    "fields": {
        "password": "pbkdf2_sha256$600000$zxNrQYtN0eXixM1pzXE8rf$b00CAi5mzdZga06ysb/2IFfKlPzs/oNUvoqCUgZXyyk=",
        "last_login": null,
        "first_name": "Adamu",
        "last_name": "Musa",
        "gender": "male",
        "date_of_birth": null,
        "username": "adamunmusa",
        "email": "adamunmusa@gmail.com",
        "phone_number": "+2348123456789",
        "country": "",
        "date_joined": "2023-09-25T17:29:27.084Z",
        "last_modified": "2023-09-25T17:29:39.927Z",
        "passcode_hash": null,
        "is_active": true,
        "is_staff": false,
        "is_superuser": false
    }
},
{
    "model": "account.useraccount",
    "pk": 9,
    "fields": {
        "password": "pbkdf2_sha256$600000$7stOlGMxZzC9AJHE7bPrO0$x5WoycNoJsdlDJGKDer+3W2PqH+2g4HDt1PGMVRmI5A=",
        "last_login": null,
        "first_name": "Maryam",
        "last_name": "Yusuf",
        "gender": "male",
        "date_of_birth": null,
        "username": "maryamyusuf",
        "email": "maryamyusuf@gmail.com",
        "phone_number": "+2348123456789",
        "country": "",
        "date_joined": "2023-09-25T17:29:31.386Z",
        "last_modified": "2023-09-25T17:29:40.119Z",
        "passcode_hash": null,
        "is_active": true,
        "is_staff": false,
        "is_superuser": false
    }
},
{
    "model": "account.useraccount",
    "pk": 10,
    "fields": {
        "password": "pbkdf2_sha256$600000$39l2Ao1dxrKX8m9K4HtHy1$62D2lbIOWujt0FKEc91rkhVscs/yYRx+TGjxLCKViGU=",
        "last_login": null,
        "first_name": "Joshua",
        "last_name": "Andy",
        "gender": "male",
        "date_of_birth": null,
        "username": "joshuaandy",
        "email": "joshuaandy@gmail.com",
        "phone_number": "+2348123456789",
        "country": "",
        "date_joined": "2023-09-25T17:29:34.972Z",
        "last_modified": "2023-09-25T17:29:40.295Z",
        "passcode_hash": null,
        "is_active": true,
        "is_staff": false,
        "is_superuser": false
    }
},
{
    "model": "account.passcode",
    "pk": 1,
    "fields": {
        "owner": 1,
        "date_modified": "2023-09-25T17:29:38.657Z",
        "passcode_ingredient": null,
        "auth_token": null,
        "session_age": 1,
        "monitor_session_age": true,
        "count_passcode_trial": 0,
        "lucky_number": "",
        "childhood_name": ""
    }
},
{
    "model": "account.passcode",
    "pk": 2,
    "fields": {
        "owner": 2,
        "date_modified": "2023-09-25T17:29:38.806Z",
        "passcode_ingredient": null,
        "auth_token": null,
        "session_age": 1,
        "monitor_session_age": true,
        "count_passcode_trial": 0,
        "lucky_number": "",
        "childhood_name": ""
    }
},
{
    "model": "account.passcode",
    "pk": 3,
    "fields": {
        "owner": 3,
        "date_modified": "2023-09-25T17:29:38.941Z",
        "passcode_ingredient": null,
        "auth_token": null,
        "session_age": 1,
        "monitor_session_age": true,
        "count_passcode_trial": 0,
        "lucky_number": "",
        "childhood_name": ""
    }
},
{
    "model": "account.passcode",
    "pk": 4,
    "fields": {
        "owner": 4,
        "date_modified": "2023-09-25T17:29:39.116Z",
        "passcode_ingredient": null,
        "auth_token": null,
        "session_age": 1,
        "monitor_session_age": true,
        "count_passcode_trial": 0,
        "lucky_number": "",
        "childhood_name": ""
    }
},
{
    "model": "account.passcode",
    "pk": 5,
    "fields": {
        "owner": 5,
        "date_modified": "2023-09-25T17:29:39.281Z",
        "passcode_ingredient": null,
        "auth_token": null,
        "session_age": 1,
        "monitor_session_age": true,
        "count_passcode_trial": 0,
        "lucky_number": "",
        "childhood_name": ""
    }
},
{
    "model": "account.passcode",
    "pk": 6,
    "fields": {
        "owner": 6,
        "date_modified": "2023-09-25T17:29:39.665Z",
        "passcode_ingredient": null,
        "auth_token": null,
        "session_age": 1,
        "monitor_session_age": true,
        "count_passcode_trial": 0,
        "lucky_number": "",
        "childhood_name": ""
    }
},
{
    "model": "account.passcode",
    "pk": 7,
    "fields": {
        "owner": 7,
        "date_modified": "2023-09-25T17:29:39.816Z",
        "passcode_ingredient": null,
        "auth_token": null,
        "session_age": 1,
        "monitor_session_age": true,
        "count_passcode_trial": 0,
        "lucky_number": "",
        "childhood_name": ""
    }
},
{
    "model": "account.passcode",
    "pk": 8,
    "fields": {
        "owner": 8,
        "date_modified": "2023-09-25T17:29:39.999Z",
        "passcode_ingredient": null,
        "auth_token": null,
        "session_age": 1,
        "monitor_session_age": true,
        "count_passcode_trial": 0,
        "lucky_number": "",
        "childhood_name": ""
    }
},
{
    "model": "account.passcode",
    "pk": 9,
    "fields": {
        "owner": 9,
        "date_modified": "2023-09-25T17:29:40.199Z",
        "passcode_ingredient": null,
        "auth_token": null,
        "session_age": 1,
        "monitor_session_age": true,
        "count_passcode_trial": 0,
        "lucky_number": "",
        "childhood_name": ""
    }
},
{
    "model": "account.passcode",
    "pk": 10,
    "fields": {
        "owner": 10,
        "date_modified": "2023-09-25T17:29:40.381Z",
        "passcode_ingredient": null,
        "auth_token": null,
        "session_age": 1,
        "monitor_session_age": true,
        "count_passcode_trial": 0,
        "lucky_number": "",
        "childhood_name": ""
    }
},
{
    "model": "secureapp.category",
    "pk": 1,
    "fields": {
        "timestamp": "2023-09-25T17:29:40.526Z",
        "category_key": "Social media",
        "category_value": "social media"
    }
},
{
    "model": "secureapp.category",
    "pk": 2,
    "fields": {
        "timestamp": "2023-09-25T17:29:40.558Z",
        "category_key": "Cloud",
        "category_value": "cloud"
    }
},
{
    "model": "secureapp.category",
    "pk": 3,
    "fields": {
        "timestamp": "2023-09-25T17:29:40.613Z",
        "category_key": "Card",
        "category_value": "card"
    }
},
{
    "model": "secureapp.category",
    "pk": 4,
    "fields": {
        "timestamp": "2023-09-25T17:29:40.653Z",
        "category_key": "Other",
        "category_value": "other"
    }
},
{
    "model": "secureapp.platform",
    "pk": 1,
    "fields": {
        "category": 1,
        "timestamp": "2023-09-25T17:29:41.987Z",
        "platform_key": "Facebook",
        "platform_value": "facebook"
    }
},
{
    "model": "secureapp.platform",
    "pk": 2,
    "fields": {
        "category": 1,
        "timestamp": "2023-09-25T17:29:42.058Z",
        "platform_key": "Twitter",
        "platform_value": "twitter"
    }
},
{
    "model": "secureapp.platform",
    "pk": 3,
    "fields": {
        "category": 1,
        "timestamp": "2023-09-25T17:29:42.127Z",
        "platform_key": "Instagram",
        "platform_value": "instagram"
    }
},
{
    "model": "secureapp.platform",
    "pk": 4,
    "fields": {
        "category": 1,
        "timestamp": "2023-09-25T17:29:42.157Z",
        "platform_key": "LinkedIn",
        "platform_value": "linkedin"
    }
},
{
    "model": "secureapp.platform",
    "pk": 5,
    "fields": {
        "category": 2,
        "timestamp": "2023-09-25T17:29:42.186Z",
        "platform_key": "Linode",
        "platform_value": "linode"
    }
},
{
    "model": "secureapp.platform",
    "pk": 6,
    "fields": {
        "category": 2,
        "timestamp": "2023-09-25T17:29:42.223Z",
        "platform_key": "AWS",
        "platform_value": "aws"
    }
},
{
    "model": "secureapp.platform",
    "pk": 7,
    "fields": {
        "category": 2,
        "timestamp": "2023-09-25T17:29:42.249Z",
        "platform_key": "Heroku",
        "platform_value": "heroku"
    }
},
{
    "model": "secureapp.platform",
    "pk": 8,
    "fields": {
        "category": 2,
        "timestamp": "2023-09-25T17:29:42.325Z",
        "platform_key": "Digital ocean",
        "platform_value": "digital ocean"
    }
},
{
    "model": "secureapp.platform",
    "pk": 9,
    "fields": {
        "category": 2,
        "timestamp": "2023-09-25T17:29:42.383Z",
        "platform_key": "Github",
        "platform_value": "github"
    }
},
{
    "model": "secureapp.platform",
    "pk": 10,
    "fields": {
        "category": 2,
        "timestamp": "2023-09-25T17:29:42.441Z",
        "platform_key": "Docker",
        "platform_value": "docker"
    }
},
{
    "model": "secureapp.platform",
    "pk": 11,
    "fields": {
        "category": 2,
        "timestamp": "2023-09-25T17:29:42.477Z",
        "platform_key": "Gitlab",
        "platform_value": "gitlab"
    }
},
{
    "model": "secureapp.platform",
    "pk": 12,
    "fields": {
        "category": 2,
        "timestamp": "2023-09-25T17:29:42.513Z",
        "platform_key": "Namecheap",
        "platform_value": "namecheap"
    }
},
{
    "model": "secureapp.platform",
    "pk": 13,
    "fields": {
        "category": 2,
        "timestamp": "2023-09-25T17:29:42.540Z",
        "platform_key": "Bitbucket",
        "platform_value": "bitbucket"
    }
},
{
    "model": "secureapp.platform",
    "pk": 14,
    "fields": {
        "category": 4,
        "timestamp": "2023-09-25T17:29:42.568Z",
        "platform_key": "Gmail",
        "platform_value": "gmail"
    }
},
{
    "model": "secureapp.platform",
    "pk": 15,
    "fields": {
        "category": 4,
        "timestamp": "2023-09-25T17:29:42.608Z",
        "platform_key": "ChatGPT",
        "platform_value": "chatgpt"
    }
},
{
    "model": "secureapp.platform",
    "pk": 16,
    "fields": {
        "category": 2,
        "timestamp": "2023-09-25T17:29:42.644Z",
        "platform_key": "Azure",
        "platform_value": "azure"
    }
},
{
    "model": "secureapp.platform",
    "pk": 17,
    "fields": {
        "category": 1,
        "timestamp": "2023-09-25T17:29:42.674Z",
        "platform_key": "Qiskit api",
        "platform_value": "qiskit api"
    }
},
{
    "model": "secureapp.platform",
    "pk": 18,
    "fields": {
        "category": 2,
        "timestamp": "2023-09-25T17:29:42.714Z",
        "platform_key": "Hostinger",
        "platform_value": "hostinger"
    }
},
{
    "model": "secureapp.platform",
    "pk": 19,
    "fields": {
        "category": 3,
        "timestamp": "2023-09-25T17:29:42.789Z",
        "platform_key": "Bank card",
        "platform_value": "bank card"
    }
},
{
    "model": "secureapp.platform",
    "pk": 20,
    "fields": {
        "category": 1,
        "timestamp": "2023-09-25T17:29:42.866Z",
        "platform_key": "Snapchat",
        "platform_value": "snapchat"
    }
},
{
    "model": "secureapp.platform",
    "pk": 21,
    "fields": {
        "category": 3,
        "timestamp": "2023-09-25T17:29:42.911Z",
        "platform_key": "Visa card",
        "platform_value": "visa card"
    }
},
{
    "model": "secureapp.platform",
    "pk": 22,
    "fields": {
        "category": 3,
        "timestamp": "2023-09-25T17:29:42.957Z",
        "platform_key": "ID card",
        "platform_value": "id card"
    }
},
{
    "model": "secureapp.platform",
    "pk": 23,
    "fields": {
        "category": 3,
        "timestamp": "2023-09-25T17:29:42.993Z",
        "platform_key": "Store id",
        "platform_value": "store id"
    }
},
{
    "model": "secureapp.platform",
    "pk": 24,
    "fields": {
        "category": 3,
        "timestamp": "2023-09-25T17:29:43.026Z",
        "platform_key": "Credit card",
        "platform_value": "credit card"
    }
}
]
