[
{
    "model": "auth.permission",
    "pk": 1,
    "fields": {
        "name": "Can add log entry",
        "content_type": 1,
        "codename": "add_logentry"
    }
},
{
    "model": "auth.permission",
    "pk": 2,
    "fields": {
        "name": "Can change log entry",
        "content_type": 1,
        "codename": "change_logentry"
    }
},
{
    "model": "auth.permission",
    "pk": 3,
    "fields": {
        "name": "Can delete log entry",
        "content_type": 1,
        "codename": "delete_logentry"
    }
},
{
    "model": "auth.permission",
    "pk": 4,
    "fields": {
        "name": "Can view log entry",
        "content_type": 1,
        "codename": "view_logentry"
    }
},
{
    "model": "auth.permission",
    "pk": 5,
    "fields": {
        "name": "Can add permission",
        "content_type": 2,
        "codename": "add_permission"
    }
},
{
    "model": "auth.permission",
    "pk": 6,
    "fields": {
        "name": "Can change permission",
        "content_type": 2,
        "codename": "change_permission"
    }
},
{
    "model": "auth.permission",
    "pk": 7,
    "fields": {
        "name": "Can delete permission",
        "content_type": 2,
        "codename": "delete_permission"
    }
},
{
    "model": "auth.permission",
    "pk": 8,
    "fields": {
        "name": "Can view permission",
        "content_type": 2,
        "codename": "view_permission"
    }
},
{
    "model": "auth.permission",
    "pk": 9,
    "fields": {
        "name": "Can add group",
        "content_type": 3,
        "codename": "add_group"
    }
},
{
    "model": "auth.permission",
    "pk": 10,
    "fields": {
        "name": "Can change group",
        "content_type": 3,
        "codename": "change_group"
    }
},
{
    "model": "auth.permission",
    "pk": 11,
    "fields": {
        "name": "Can delete group",
        "content_type": 3,
        "codename": "delete_group"
    }
},
{
    "model": "auth.permission",
    "pk": 12,
    "fields": {
        "name": "Can view group",
        "content_type": 3,
        "codename": "view_group"
    }
},
{
    "model": "auth.permission",
    "pk": 13,
    "fields": {
        "name": "Can add content type",
        "content_type": 4,
        "codename": "add_contenttype"
    }
},
{
    "model": "auth.permission",
    "pk": 14,
    "fields": {
        "name": "Can change content type",
        "content_type": 4,
        "codename": "change_contenttype"
    }
},
{
    "model": "auth.permission",
    "pk": 15,
    "fields": {
        "name": "Can delete content type",
        "content_type": 4,
        "codename": "delete_contenttype"
    }
},
{
    "model": "auth.permission",
    "pk": 16,
    "fields": {
        "name": "Can view content type",
        "content_type": 4,
        "codename": "view_contenttype"
    }
},
{
    "model": "auth.permission",
    "pk": 17,
    "fields": {
        "name": "Can add session",
        "content_type": 5,
        "codename": "add_session"
    }
},
{
    "model": "auth.permission",
    "pk": 18,
    "fields": {
        "name": "Can change session",
        "content_type": 5,
        "codename": "change_session"
    }
},
{
    "model": "auth.permission",
    "pk": 19,
    "fields": {
        "name": "Can delete session",
        "content_type": 5,
        "codename": "delete_session"
    }
},
{
    "model": "auth.permission",
    "pk": 20,
    "fields": {
        "name": "Can view session",
        "content_type": 5,
        "codename": "view_session"
    }
},
{
    "model": "auth.permission",
    "pk": 21,
    "fields": {
        "name": "Can add user account",
        "content_type": 6,
        "codename": "add_useraccount"
    }
},
{
    "model": "auth.permission",
    "pk": 22,
    "fields": {
        "name": "Can change user account",
        "content_type": 6,
        "codename": "change_useraccount"
    }
},
{
    "model": "auth.permission",
    "pk": 23,
    "fields": {
        "name": "Can delete user account",
        "content_type": 6,
        "codename": "delete_useraccount"
    }
},
{
    "model": "auth.permission",
    "pk": 24,
    "fields": {
        "name": "Can view user account",
        "content_type": 6,
        "codename": "view_useraccount"
    }
},
{
    "model": "auth.permission",
    "pk": 25,
    "fields": {
        "name": "Can add password generator",
        "content_type": 7,
        "codename": "add_passwordgenerator"
    }
},
{
    "model": "auth.permission",
    "pk": 26,
    "fields": {
        "name": "Can change password generator",
        "content_type": 7,
        "codename": "change_passwordgenerator"
    }
},
{
    "model": "auth.permission",
    "pk": 27,
    "fields": {
        "name": "Can delete password generator",
        "content_type": 7,
        "codename": "delete_passwordgenerator"
    }
},
{
    "model": "auth.permission",
    "pk": 28,
    "fields": {
        "name": "Can view password generator",
        "content_type": 7,
        "codename": "view_passwordgenerator"
    }
},
{
    "model": "auth.permission",
    "pk": 29,
    "fields": {
        "name": "Can add pass code",
        "content_type": 8,
        "codename": "add_passcode"
    }
},
{
    "model": "auth.permission",
    "pk": 30,
    "fields": {
        "name": "Can change pass code",
        "content_type": 8,
        "codename": "change_passcode"
    }
},
{
    "model": "auth.permission",
    "pk": 31,
    "fields": {
        "name": "Can delete pass code",
        "content_type": 8,
        "codename": "delete_passcode"
    }
},
{
    "model": "auth.permission",
    "pk": 32,
    "fields": {
        "name": "Can view pass code",
        "content_type": 8,
        "codename": "view_passcode"
    }
},
{
    "model": "auth.permission",
    "pk": 33,
    "fields": {
        "name": "Can add category",
        "content_type": 9,
        "codename": "add_category"
    }
},
{
    "model": "auth.permission",
    "pk": 34,
    "fields": {
        "name": "Can change category",
        "content_type": 9,
        "codename": "change_category"
    }
},
{
    "model": "auth.permission",
    "pk": 35,
    "fields": {
        "name": "Can delete category",
        "content_type": 9,
        "codename": "delete_category"
    }
},
{
    "model": "auth.permission",
    "pk": 36,
    "fields": {
        "name": "Can view category",
        "content_type": 9,
        "codename": "view_category"
    }
},
{
    "model": "auth.permission",
    "pk": 37,
    "fields": {
        "name": "Can add secure item info",
        "content_type": 10,
        "codename": "add_secureiteminfo"
    }
},
{
    "model": "auth.permission",
    "pk": 38,
    "fields": {
        "name": "Can change secure item info",
        "content_type": 10,
        "codename": "change_secureiteminfo"
    }
},
{
    "model": "auth.permission",
    "pk": 39,
    "fields": {
        "name": "Can delete secure item info",
        "content_type": 10,
        "codename": "delete_secureiteminfo"
    }
},
{
    "model": "auth.permission",
    "pk": 40,
    "fields": {
        "name": "Can view secure item info",
        "content_type": 10,
        "codename": "view_secureiteminfo"
    }
},
{
    "model": "auth.permission",
    "pk": 41,
    "fields": {
        "name": "Can add platform",
        "content_type": 11,
        "codename": "add_platform"
    }
},
{
    "model": "auth.permission",
    "pk": 42,
    "fields": {
        "name": "Can change platform",
        "content_type": 11,
        "codename": "change_platform"
    }
},
{
    "model": "auth.permission",
    "pk": 43,
    "fields": {
        "name": "Can delete platform",
        "content_type": 11,
        "codename": "delete_platform"
    }
},
{
    "model": "auth.permission",
    "pk": 44,
    "fields": {
        "name": "Can view platform",
        "content_type": 11,
        "codename": "view_platform"
    }
},
{
    "model": "auth.permission",
    "pk": 45,
    "fields": {
        "name": "Can add item secret ingredient",
        "content_type": 12,
        "codename": "add_itemsecretingredient"
    }
},
{
    "model": "auth.permission",
    "pk": 46,
    "fields": {
        "name": "Can change item secret ingredient",
        "content_type": 12,
        "codename": "change_itemsecretingredient"
    }
},
{
    "model": "auth.permission",
    "pk": 47,
    "fields": {
        "name": "Can delete item secret ingredient",
        "content_type": 12,
        "codename": "delete_itemsecretingredient"
    }
},
{
    "model": "auth.permission",
    "pk": 48,
    "fields": {
        "name": "Can view item secret ingredient",
        "content_type": 12,
        "codename": "view_itemsecretingredient"
    }
},
{
    "model": "auth.permission",
    "pk": 49,
    "fields": {
        "name": "Can add item secret",
        "content_type": 13,
        "codename": "add_itemsecret"
    }
},
{
    "model": "auth.permission",
    "pk": 50,
    "fields": {
        "name": "Can change item secret",
        "content_type": 13,
        "codename": "change_itemsecret"
    }
},
{
    "model": "auth.permission",
    "pk": 51,
    "fields": {
        "name": "Can delete item secret",
        "content_type": 13,
        "codename": "delete_itemsecret"
    }
},
{
    "model": "auth.permission",
    "pk": 52,
    "fields": {
        "name": "Can view item secret",
        "content_type": 13,
        "codename": "view_itemsecret"
    }
},
{
    "model": "contenttypes.contenttype",
    "pk": 1,
    "fields": {
        "app_label": "admin",
        "model": "logentry"
    }
},
{
    "model": "contenttypes.contenttype",
    "pk": 2,
    "fields": {
        "app_label": "auth",
        "model": "permission"
    }
},
{
    "model": "contenttypes.contenttype",
    "pk": 3,
    "fields": {
        "app_label": "auth",
        "model": "group"
    }
},
{
    "model": "contenttypes.contenttype",
    "pk": 4,
    "fields": {
        "app_label": "contenttypes",
        "model": "contenttype"
    }
},
{
    "model": "contenttypes.contenttype",
    "pk": 5,
    "fields": {
        "app_label": "sessions",
        "model": "session"
    }
},
{
    "model": "contenttypes.contenttype",
    "pk": 6,
    "fields": {
        "app_label": "account",
        "model": "useraccount"
    }
},
{
    "model": "contenttypes.contenttype",
    "pk": 7,
    "fields": {
        "app_label": "account",
        "model": "passwordgenerator"
    }
},
{
    "model": "contenttypes.contenttype",
    "pk": 8,
    "fields": {
        "app_label": "account",
        "model": "passcode"
    }
},
{
    "model": "contenttypes.contenttype",
    "pk": 9,
    "fields": {
        "app_label": "secureapp",
        "model": "category"
    }
},
{
    "model": "contenttypes.contenttype",
    "pk": 10,
    "fields": {
        "app_label": "secureapp",
        "model": "secureiteminfo"
    }
},
{
    "model": "contenttypes.contenttype",
    "pk": 11,
    "fields": {
        "app_label": "secureapp",
        "model": "platform"
    }
},
{
    "model": "contenttypes.contenttype",
    "pk": 12,
    "fields": {
        "app_label": "secureapp",
        "model": "itemsecretingredient"
    }
},
{
    "model": "contenttypes.contenttype",
    "pk": 13,
    "fields": {
        "app_label": "secureapp",
        "model": "itemsecret"
    }
},
{
    "model": "account.useraccount",
    "pk": 1,
    "fields": {
        "password": "pbkdf2_sha256$600000$iOyL3HLv23OxoBCYnzvGb9$bmvfcuJVucMr5MIE2mZl5n4PahzdW8jC9s9u3QRvP88=",
        "last_login": null,
        "first_name": "Usman",
        "last_name": "Musa",
        "gender": "male",
        "date_of_birth": null,
        "username": "usmanmusa1920",
        "email": "usmanmusa1920@gmail.com",
        "phone_number": "+2348123456789",
        "country": "",
        "date_joined": "2023-10-15T18:44:15.287Z",
        "last_modified": "2023-10-15T18:44:41.587Z",
        "passcode_hash": null,
        "is_active": true,
        "is_staff": true,
        "is_superuser": true
    }
},
{
    "model": "account.useraccount",
    "pk": 2,
    "fields": {
        "password": "pbkdf2_sha256$600000$rO0qaeXwcIzc8WynvAloOK$TK0HvLoRnnH98rT3tM1m5ANgbA27KUaVgvQixN4Be/o=",
        "last_login": null,
        "first_name": "Aliyu",
        "last_name": "Muhammad",
        "gender": "male",
        "date_of_birth": null,
        "username": "aliyumuhammad",
        "email": "aliyumuhammad@mail.com",
        "phone_number": "+2348123456789",
        "country": "",
        "date_joined": "2023-10-15T18:44:18.126Z",
        "last_modified": "2023-10-15T18:44:41.739Z",
        "passcode_hash": null,
        "is_active": true,
        "is_staff": false,
        "is_superuser": false
    }
},
{
    "model": "account.useraccount",
    "pk": 3,
    "fields": {
        "password": "pbkdf2_sha256$600000$UI3GTH8URdMCnSXVXi5AwS$eIZfLZ1+OZAgZ989Sov+xLSfvXus1HyN8drEExQ9Aco=",
        "last_login": null,
        "first_name": "Fatima",
        "last_name": "Sani",
        "gender": "male",
        "date_of_birth": null,
        "username": "fatimasani",
        "email": "fatimasani@mail.com",
        "phone_number": "+2348123456789",
        "country": "",
        "date_joined": "2023-10-15T18:44:20.834Z",
        "last_modified": "2023-10-15T18:44:41.886Z",
        "passcode_hash": null,
        "is_active": true,
        "is_staff": false,
        "is_superuser": false
    }
},
{
    "model": "account.useraccount",
    "pk": 4,
    "fields": {
        "password": "pbkdf2_sha256$600000$r7bfCFHO37zQoov30ZzyH3$cYG9WVHBdO6Bbp0zZ2J6ZCA6A2+YKW4DeiIJBRiCfjk=",
        "last_login": null,
        "first_name": "Ahmad",
        "last_name": "Amiun",
        "gender": "male",
        "date_of_birth": null,
        "username": "ahmadaminu",
        "email": "ahmadaminu@mail.com",
        "phone_number": "+2348123456789",
        "country": "",
        "date_joined": "2023-10-15T18:44:23.305Z",
        "last_modified": "2023-10-15T18:44:42.030Z",
        "passcode_hash": null,
        "is_active": true,
        "is_staff": false,
        "is_superuser": false
    }
},
{
    "model": "account.useraccount",
    "pk": 5,
    "fields": {
        "password": "pbkdf2_sha256$600000$Ijb4fkems07SnNOYpYFlWX$jR/d6narmxJ5g6MA/TyNGBjl8c/GmO1h9N4eYNkr/pU=",
        "last_login": null,
        "first_name": "John",
        "last_name": "Christain",
        "gender": "male",
        "date_of_birth": null,
        "username": "johnchristain",
        "email": "johnchristain@mail.com",
        "phone_number": "+2348123456789",
        "country": "",
        "date_joined": "2023-10-15T18:44:25.867Z",
        "last_modified": "2023-10-15T18:44:42.240Z",
        "passcode_hash": null,
        "is_active": true,
        "is_staff": false,
        "is_superuser": false
    }
},
{
    "model": "account.useraccount",
    "pk": 6,
    "fields": {
        "password": "pbkdf2_sha256$600000$R4adG6oO8iMNg3h5cAapIp$DJpEaKWdZxDdR5XQSSIKaj7b5O+8180pQ/TEyz3Lx3M=",
        "last_login": null,
        "first_name": "Nura",
        "last_name": "Ali",
        "gender": "male",
        "date_of_birth": null,
        "username": "nuraali",
        "email": "nuraali@mail.com",
        "phone_number": "+2348123456789",
        "country": "",
        "date_joined": "2023-10-15T18:44:28.708Z",
        "last_modified": "2023-10-15T18:44:42.424Z",
        "passcode_hash": null,
        "is_active": true,
        "is_staff": false,
        "is_superuser": false
    }
},
{
    "model": "account.useraccount",
    "pk": 7,
    "fields": {
        "password": "pbkdf2_sha256$600000$nMpHQWGNgGVDZz0L25mUwA$UGKZ1XGY9fqyo2tX/4JbxDQzBs2J6mUoOgpAGYyy7xE=",
        "last_login": null,
        "first_name": "Zainab",
        "last_name": "Musa",
        "gender": "male",
        "date_of_birth": null,
        "username": "zainabmusa",
        "email": "zainabmusa@mail.com",
        "phone_number": "+2348123456789",
        "country": "",
        "date_joined": "2023-10-15T18:44:31.277Z",
        "last_modified": "2023-10-15T18:44:42.644Z",
        "passcode_hash": null,
        "is_active": true,
        "is_staff": false,
        "is_superuser": false
    }
},
{
    "model": "account.useraccount",
    "pk": 8,
    "fields": {
        "password": "pbkdf2_sha256$600000$Bxoh2HSG4VKZemuJQPHIq4$HbCmWYxcVMUuzmcaB2G96ItVx/a59Rfjgbgk73AZS04=",
        "last_login": null,
        "first_name": "Adamu",
        "last_name": "Musa",
        "gender": "male",
        "date_of_birth": null,
        "username": "adamunmusa",
        "email": "adamunmusa@mail.com",
        "phone_number": "+2348123456789",
        "country": "",
        "date_joined": "2023-10-15T18:44:33.972Z",
        "last_modified": "2023-10-15T18:44:42.882Z",
        "passcode_hash": null,
        "is_active": true,
        "is_staff": false,
        "is_superuser": false
    }
},
{
    "model": "account.useraccount",
    "pk": 9,
    "fields": {
        "password": "pbkdf2_sha256$600000$eSqDnfUYNdMoS7HrsZWAKY$tyLV/Jn8gojTuEltRvBn7Iy/EZkzEAqtp7+7KBwi5Gw=",
        "last_login": null,
        "first_name": "Maryam",
        "last_name": "Yusuf",
        "gender": "male",
        "date_of_birth": null,
        "username": "maryamyusuf",
        "email": "maryamyusuf@mail.com",
        "phone_number": "+2348123456789",
        "country": "",
        "date_joined": "2023-10-15T18:44:36.401Z",
        "last_modified": "2023-10-15T18:44:43.082Z",
        "passcode_hash": null,
        "is_active": true,
        "is_staff": false,
        "is_superuser": false
    }
},
{
    "model": "account.useraccount",
    "pk": 10,
    "fields": {
        "password": "pbkdf2_sha256$600000$rZFLlCofv6A49BafnS299M$p8U2nrQo5LzpxgXu75pIt9VCYPdLdxRZuZe8O40GAX8=",
        "last_login": null,
        "first_name": "Joshua",
        "last_name": "Andy",
        "gender": "male",
        "date_of_birth": null,
        "username": "joshuaandy",
        "email": "joshuaandy@mail.com",
        "phone_number": "+2348123456789",
        "country": "",
        "date_joined": "2023-10-15T18:44:38.935Z",
        "last_modified": "2023-10-15T18:44:43.304Z",
        "passcode_hash": null,
        "is_active": true,
        "is_staff": false,
        "is_superuser": false
    }
},
{
    "model": "account.passcode",
    "pk": 1,
    "fields": {
        "owner": 1,
        "date_modified": "2023-10-15T18:44:41.641Z",
        "passcode_ingredient": null,
        "auth_token": null,
        "session_age": 1,
        "monitor_session_age": true,
        "count_passcode_trial": 0,
        "lucky_number": "",
        "childhood_name": ""
    }
},
{
    "model": "account.passcode",
    "pk": 2,
    "fields": {
        "owner": 2,
        "date_modified": "2023-10-15T18:44:41.791Z",
        "passcode_ingredient": null,
        "auth_token": null,
        "session_age": 1,
        "monitor_session_age": true,
        "count_passcode_trial": 0,
        "lucky_number": "",
        "childhood_name": ""
    }
},
{
    "model": "account.passcode",
    "pk": 3,
    "fields": {
        "owner": 3,
        "date_modified": "2023-10-15T18:44:41.933Z",
        "passcode_ingredient": null,
        "auth_token": null,
        "session_age": 1,
        "monitor_session_age": true,
        "count_passcode_trial": 0,
        "lucky_number": "",
        "childhood_name": ""
    }
},
{
    "model": "account.passcode",
    "pk": 4,
    "fields": {
        "owner": 4,
        "date_modified": "2023-10-15T18:44:42.134Z",
        "passcode_ingredient": null,
        "auth_token": null,
        "session_age": 1,
        "monitor_session_age": true,
        "count_passcode_trial": 0,
        "lucky_number": "",
        "childhood_name": ""
    }
},
{
    "model": "account.passcode",
    "pk": 5,
    "fields": {
        "owner": 5,
        "date_modified": "2023-10-15T18:44:42.299Z",
        "passcode_ingredient": null,
        "auth_token": null,
        "session_age": 1,
        "monitor_session_age": true,
        "count_passcode_trial": 0,
        "lucky_number": "",
        "childhood_name": ""
    }
},
{
    "model": "account.passcode",
    "pk": 6,
    "fields": {
        "owner": 6,
        "date_modified": "2023-10-15T18:44:42.500Z",
        "passcode_ingredient": null,
        "auth_token": null,
        "session_age": 1,
        "monitor_session_age": true,
        "count_passcode_trial": 0,
        "lucky_number": "",
        "childhood_name": ""
    }
},
{
    "model": "account.passcode",
    "pk": 7,
    "fields": {
        "owner": 7,
        "date_modified": "2023-10-15T18:44:42.742Z",
        "passcode_ingredient": null,
        "auth_token": null,
        "session_age": 1,
        "monitor_session_age": true,
        "count_passcode_trial": 0,
        "lucky_number": "",
        "childhood_name": ""
    }
},
{
    "model": "account.passcode",
    "pk": 8,
    "fields": {
        "owner": 8,
        "date_modified": "2023-10-15T18:44:42.966Z",
        "passcode_ingredient": null,
        "auth_token": null,
        "session_age": 1,
        "monitor_session_age": true,
        "count_passcode_trial": 0,
        "lucky_number": "",
        "childhood_name": ""
    }
},
{
    "model": "account.passcode",
    "pk": 9,
    "fields": {
        "owner": 9,
        "date_modified": "2023-10-15T18:44:43.175Z",
        "passcode_ingredient": null,
        "auth_token": null,
        "session_age": 1,
        "monitor_session_age": true,
        "count_passcode_trial": 0,
        "lucky_number": "",
        "childhood_name": ""
    }
},
{
    "model": "account.passcode",
    "pk": 10,
    "fields": {
        "owner": 10,
        "date_modified": "2023-10-15T18:44:43.349Z",
        "passcode_ingredient": null,
        "auth_token": null,
        "session_age": 1,
        "monitor_session_age": true,
        "count_passcode_trial": 0,
        "lucky_number": "",
        "childhood_name": ""
    }
},
{
    "model": "secureapp.category",
    "pk": 1,
    "fields": {
        "timestamp": "2023-10-15T18:44:43.438Z",
        "category_key": "Social media",
        "category_value": "social media"
    }
},
{
    "model": "secureapp.category",
    "pk": 2,
    "fields": {
        "timestamp": "2023-10-15T18:44:43.507Z",
        "category_key": "Cloud",
        "category_value": "cloud"
    }
},
{
    "model": "secureapp.category",
    "pk": 3,
    "fields": {
        "timestamp": "2023-10-15T18:44:43.584Z",
        "category_key": "Card",
        "category_value": "card"
    }
},
{
    "model": "secureapp.category",
    "pk": 4,
    "fields": {
        "timestamp": "2023-10-15T18:44:43.647Z",
        "category_key": "Other",
        "category_value": "other"
    }
},
{
    "model": "secureapp.platform",
    "pk": 1,
    "fields": {
        "category": 1,
        "timestamp": "2023-10-15T18:44:44.235Z",
        "platform_key": "Facebook",
        "platform_value": "facebook"
    }
},
{
    "model": "secureapp.platform",
    "pk": 2,
    "fields": {
        "category": 1,
        "timestamp": "2023-10-15T18:44:44.263Z",
        "platform_key": "Twitter",
        "platform_value": "twitter"
    }
},
{
    "model": "secureapp.platform",
    "pk": 3,
    "fields": {
        "category": 1,
        "timestamp": "2023-10-15T18:44:44.316Z",
        "platform_key": "Instagram",
        "platform_value": "instagram"
    }
},
{
    "model": "secureapp.platform",
    "pk": 4,
    "fields": {
        "category": 1,
        "timestamp": "2023-10-15T18:44:44.361Z",
        "platform_key": "LinkedIn",
        "platform_value": "linkedin"
    }
},
{
    "model": "secureapp.platform",
    "pk": 5,
    "fields": {
        "category": 2,
        "timestamp": "2023-10-15T18:44:44.433Z",
        "platform_key": "Linode",
        "platform_value": "linode"
    }
},
{
    "model": "secureapp.platform",
    "pk": 6,
    "fields": {
        "category": 2,
        "timestamp": "2023-10-15T18:44:44.489Z",
        "platform_key": "AWS",
        "platform_value": "aws"
    }
},
{
    "model": "secureapp.platform",
    "pk": 7,
    "fields": {
        "category": 2,
        "timestamp": "2023-10-15T18:44:44.515Z",
        "platform_key": "Heroku",
        "platform_value": "heroku"
    }
},
{
    "model": "secureapp.platform",
    "pk": 8,
    "fields": {
        "category": 2,
        "timestamp": "2023-10-15T18:44:44.543Z",
        "platform_key": "Digital ocean",
        "platform_value": "digital ocean"
    }
},
{
    "model": "secureapp.platform",
    "pk": 9,
    "fields": {
        "category": 2,
        "timestamp": "2023-10-15T18:44:44.575Z",
        "platform_key": "Github",
        "platform_value": "github"
    }
},
{
    "model": "secureapp.platform",
    "pk": 10,
    "fields": {
        "category": 2,
        "timestamp": "2023-10-15T18:44:44.602Z",
        "platform_key": "Docker",
        "platform_value": "docker"
    }
},
{
    "model": "secureapp.platform",
    "pk": 11,
    "fields": {
        "category": 2,
        "timestamp": "2023-10-15T18:44:44.684Z",
        "platform_key": "Gitlab",
        "platform_value": "gitlab"
    }
},
{
    "model": "secureapp.platform",
    "pk": 12,
    "fields": {
        "category": 2,
        "timestamp": "2023-10-15T18:44:44.719Z",
        "platform_key": "Namecheap",
        "platform_value": "namecheap"
    }
},
{
    "model": "secureapp.platform",
    "pk": 13,
    "fields": {
        "category": 2,
        "timestamp": "2023-10-15T18:44:44.776Z",
        "platform_key": "Bitbucket",
        "platform_value": "bitbucket"
    }
},
{
    "model": "secureapp.platform",
    "pk": 14,
    "fields": {
        "category": 4,
        "timestamp": "2023-10-15T18:44:44.870Z",
        "platform_key": "Gmail",
        "platform_value": "gmail"
    }
},
{
    "model": "secureapp.platform",
    "pk": 15,
    "fields": {
        "category": 4,
        "timestamp": "2023-10-15T18:44:44.912Z",
        "platform_key": "ChatGPT",
        "platform_value": "chatgpt"
    }
},
{
    "model": "secureapp.platform",
    "pk": 16,
    "fields": {
        "category": 2,
        "timestamp": "2023-10-15T18:44:44.966Z",
        "platform_key": "Azure",
        "platform_value": "azure"
    }
},
{
    "model": "secureapp.platform",
    "pk": 17,
    "fields": {
        "category": 1,
        "timestamp": "2023-10-15T18:44:45.045Z",
        "platform_key": "Qiskit api",
        "platform_value": "qiskit api"
    }
},
{
    "model": "secureapp.platform",
    "pk": 18,
    "fields": {
        "category": 2,
        "timestamp": "2023-10-15T18:44:45.086Z",
        "platform_key": "Hostinger",
        "platform_value": "hostinger"
    }
},
{
    "model": "secureapp.platform",
    "pk": 19,
    "fields": {
        "category": 3,
        "timestamp": "2023-10-15T18:44:45.172Z",
        "platform_key": "Bank card",
        "platform_value": "bank card"
    }
},
{
    "model": "secureapp.platform",
    "pk": 20,
    "fields": {
        "category": 1,
        "timestamp": "2023-10-15T18:44:45.246Z",
        "platform_key": "Snapchat",
        "platform_value": "snapchat"
    }
},
{
    "model": "secureapp.platform",
    "pk": 21,
    "fields": {
        "category": 3,
        "timestamp": "2023-10-15T18:44:45.318Z",
        "platform_key": "Visa card",
        "platform_value": "visa card"
    }
},
{
    "model": "secureapp.platform",
    "pk": 22,
    "fields": {
        "category": 3,
        "timestamp": "2023-10-15T18:44:45.379Z",
        "platform_key": "ID card",
        "platform_value": "id card"
    }
},
{
    "model": "secureapp.platform",
    "pk": 23,
    "fields": {
        "category": 3,
        "timestamp": "2023-10-15T18:44:45.444Z",
        "platform_key": "Store id",
        "platform_value": "store id"
    }
},
{
    "model": "secureapp.platform",
    "pk": 24,
    "fields": {
        "category": 3,
        "timestamp": "2023-10-15T18:44:45.509Z",
        "platform_key": "Credit card",
        "platform_value": "credit card"
    }
}
]
