[
{
    "model": "auth.permission",
    "pk": 1,
    "fields": {
        "name": "Can add log entry",
        "content_type": 1,
        "codename": "add_logentry"
    }
},
{
    "model": "auth.permission",
    "pk": 2,
    "fields": {
        "name": "Can change log entry",
        "content_type": 1,
        "codename": "change_logentry"
    }
},
{
    "model": "auth.permission",
    "pk": 3,
    "fields": {
        "name": "Can delete log entry",
        "content_type": 1,
        "codename": "delete_logentry"
    }
},
{
    "model": "auth.permission",
    "pk": 4,
    "fields": {
        "name": "Can view log entry",
        "content_type": 1,
        "codename": "view_logentry"
    }
},
{
    "model": "auth.permission",
    "pk": 5,
    "fields": {
        "name": "Can add permission",
        "content_type": 2,
        "codename": "add_permission"
    }
},
{
    "model": "auth.permission",
    "pk": 6,
    "fields": {
        "name": "Can change permission",
        "content_type": 2,
        "codename": "change_permission"
    }
},
{
    "model": "auth.permission",
    "pk": 7,
    "fields": {
        "name": "Can delete permission",
        "content_type": 2,
        "codename": "delete_permission"
    }
},
{
    "model": "auth.permission",
    "pk": 8,
    "fields": {
        "name": "Can view permission",
        "content_type": 2,
        "codename": "view_permission"
    }
},
{
    "model": "auth.permission",
    "pk": 9,
    "fields": {
        "name": "Can add group",
        "content_type": 3,
        "codename": "add_group"
    }
},
{
    "model": "auth.permission",
    "pk": 10,
    "fields": {
        "name": "Can change group",
        "content_type": 3,
        "codename": "change_group"
    }
},
{
    "model": "auth.permission",
    "pk": 11,
    "fields": {
        "name": "Can delete group",
        "content_type": 3,
        "codename": "delete_group"
    }
},
{
    "model": "auth.permission",
    "pk": 12,
    "fields": {
        "name": "Can view group",
        "content_type": 3,
        "codename": "view_group"
    }
},
{
    "model": "auth.permission",
    "pk": 13,
    "fields": {
        "name": "Can add content type",
        "content_type": 4,
        "codename": "add_contenttype"
    }
},
{
    "model": "auth.permission",
    "pk": 14,
    "fields": {
        "name": "Can change content type",
        "content_type": 4,
        "codename": "change_contenttype"
    }
},
{
    "model": "auth.permission",
    "pk": 15,
    "fields": {
        "name": "Can delete content type",
        "content_type": 4,
        "codename": "delete_contenttype"
    }
},
{
    "model": "auth.permission",
    "pk": 16,
    "fields": {
        "name": "Can view content type",
        "content_type": 4,
        "codename": "view_contenttype"
    }
},
{
    "model": "auth.permission",
    "pk": 17,
    "fields": {
        "name": "Can add session",
        "content_type": 5,
        "codename": "add_session"
    }
},
{
    "model": "auth.permission",
    "pk": 18,
    "fields": {
        "name": "Can change session",
        "content_type": 5,
        "codename": "change_session"
    }
},
{
    "model": "auth.permission",
    "pk": 19,
    "fields": {
        "name": "Can delete session",
        "content_type": 5,
        "codename": "delete_session"
    }
},
{
    "model": "auth.permission",
    "pk": 20,
    "fields": {
        "name": "Can view session",
        "content_type": 5,
        "codename": "view_session"
    }
},
{
    "model": "auth.permission",
    "pk": 21,
    "fields": {
        "name": "Can add user account",
        "content_type": 6,
        "codename": "add_useraccount"
    }
},
{
    "model": "auth.permission",
    "pk": 22,
    "fields": {
        "name": "Can change user account",
        "content_type": 6,
        "codename": "change_useraccount"
    }
},
{
    "model": "auth.permission",
    "pk": 23,
    "fields": {
        "name": "Can delete user account",
        "content_type": 6,
        "codename": "delete_useraccount"
    }
},
{
    "model": "auth.permission",
    "pk": 24,
    "fields": {
        "name": "Can view user account",
        "content_type": 6,
        "codename": "view_useraccount"
    }
},
{
    "model": "auth.permission",
    "pk": 25,
    "fields": {
        "name": "Can add password generator",
        "content_type": 7,
        "codename": "add_passwordgenerator"
    }
},
{
    "model": "auth.permission",
    "pk": 26,
    "fields": {
        "name": "Can change password generator",
        "content_type": 7,
        "codename": "change_passwordgenerator"
    }
},
{
    "model": "auth.permission",
    "pk": 27,
    "fields": {
        "name": "Can delete password generator",
        "content_type": 7,
        "codename": "delete_passwordgenerator"
    }
},
{
    "model": "auth.permission",
    "pk": 28,
    "fields": {
        "name": "Can view password generator",
        "content_type": 7,
        "codename": "view_passwordgenerator"
    }
},
{
    "model": "auth.permission",
    "pk": 29,
    "fields": {
        "name": "Can add pass code",
        "content_type": 8,
        "codename": "add_passcode"
    }
},
{
    "model": "auth.permission",
    "pk": 30,
    "fields": {
        "name": "Can change pass code",
        "content_type": 8,
        "codename": "change_passcode"
    }
},
{
    "model": "auth.permission",
    "pk": 31,
    "fields": {
        "name": "Can delete pass code",
        "content_type": 8,
        "codename": "delete_passcode"
    }
},
{
    "model": "auth.permission",
    "pk": 32,
    "fields": {
        "name": "Can view pass code",
        "content_type": 8,
        "codename": "view_passcode"
    }
},
{
    "model": "auth.permission",
    "pk": 33,
    "fields": {
        "name": "Can add category",
        "content_type": 9,
        "codename": "add_category"
    }
},
{
    "model": "auth.permission",
    "pk": 34,
    "fields": {
        "name": "Can change category",
        "content_type": 9,
        "codename": "change_category"
    }
},
{
    "model": "auth.permission",
    "pk": 35,
    "fields": {
        "name": "Can delete category",
        "content_type": 9,
        "codename": "delete_category"
    }
},
{
    "model": "auth.permission",
    "pk": 36,
    "fields": {
        "name": "Can view category",
        "content_type": 9,
        "codename": "view_category"
    }
},
{
    "model": "auth.permission",
    "pk": 37,
    "fields": {
        "name": "Can add secure item info",
        "content_type": 10,
        "codename": "add_secureiteminfo"
    }
},
{
    "model": "auth.permission",
    "pk": 38,
    "fields": {
        "name": "Can change secure item info",
        "content_type": 10,
        "codename": "change_secureiteminfo"
    }
},
{
    "model": "auth.permission",
    "pk": 39,
    "fields": {
        "name": "Can delete secure item info",
        "content_type": 10,
        "codename": "delete_secureiteminfo"
    }
},
{
    "model": "auth.permission",
    "pk": 40,
    "fields": {
        "name": "Can view secure item info",
        "content_type": 10,
        "codename": "view_secureiteminfo"
    }
},
{
    "model": "auth.permission",
    "pk": 41,
    "fields": {
        "name": "Can add platform",
        "content_type": 11,
        "codename": "add_platform"
    }
},
{
    "model": "auth.permission",
    "pk": 42,
    "fields": {
        "name": "Can change platform",
        "content_type": 11,
        "codename": "change_platform"
    }
},
{
    "model": "auth.permission",
    "pk": 43,
    "fields": {
        "name": "Can delete platform",
        "content_type": 11,
        "codename": "delete_platform"
    }
},
{
    "model": "auth.permission",
    "pk": 44,
    "fields": {
        "name": "Can view platform",
        "content_type": 11,
        "codename": "view_platform"
    }
},
{
    "model": "auth.permission",
    "pk": 45,
    "fields": {
        "name": "Can add item secret ingredient",
        "content_type": 12,
        "codename": "add_itemsecretingredient"
    }
},
{
    "model": "auth.permission",
    "pk": 46,
    "fields": {
        "name": "Can change item secret ingredient",
        "content_type": 12,
        "codename": "change_itemsecretingredient"
    }
},
{
    "model": "auth.permission",
    "pk": 47,
    "fields": {
        "name": "Can delete item secret ingredient",
        "content_type": 12,
        "codename": "delete_itemsecretingredient"
    }
},
{
    "model": "auth.permission",
    "pk": 48,
    "fields": {
        "name": "Can view item secret ingredient",
        "content_type": 12,
        "codename": "view_itemsecretingredient"
    }
},
{
    "model": "auth.permission",
    "pk": 49,
    "fields": {
        "name": "Can add item secret",
        "content_type": 13,
        "codename": "add_itemsecret"
    }
},
{
    "model": "auth.permission",
    "pk": 50,
    "fields": {
        "name": "Can change item secret",
        "content_type": 13,
        "codename": "change_itemsecret"
    }
},
{
    "model": "auth.permission",
    "pk": 51,
    "fields": {
        "name": "Can delete item secret",
        "content_type": 13,
        "codename": "delete_itemsecret"
    }
},
{
    "model": "auth.permission",
    "pk": 52,
    "fields": {
        "name": "Can view item secret",
        "content_type": 13,
        "codename": "view_itemsecret"
    }
},
{
    "model": "contenttypes.contenttype",
    "pk": 1,
    "fields": {
        "app_label": "admin",
        "model": "logentry"
    }
},
{
    "model": "contenttypes.contenttype",
    "pk": 2,
    "fields": {
        "app_label": "auth",
        "model": "permission"
    }
},
{
    "model": "contenttypes.contenttype",
    "pk": 3,
    "fields": {
        "app_label": "auth",
        "model": "group"
    }
},
{
    "model": "contenttypes.contenttype",
    "pk": 4,
    "fields": {
        "app_label": "contenttypes",
        "model": "contenttype"
    }
},
{
    "model": "contenttypes.contenttype",
    "pk": 5,
    "fields": {
        "app_label": "sessions",
        "model": "session"
    }
},
{
    "model": "contenttypes.contenttype",
    "pk": 6,
    "fields": {
        "app_label": "account",
        "model": "useraccount"
    }
},
{
    "model": "contenttypes.contenttype",
    "pk": 7,
    "fields": {
        "app_label": "account",
        "model": "passwordgenerator"
    }
},
{
    "model": "contenttypes.contenttype",
    "pk": 8,
    "fields": {
        "app_label": "account",
        "model": "passcode"
    }
},
{
    "model": "contenttypes.contenttype",
    "pk": 9,
    "fields": {
        "app_label": "secureapp",
        "model": "category"
    }
},
{
    "model": "contenttypes.contenttype",
    "pk": 10,
    "fields": {
        "app_label": "secureapp",
        "model": "secureiteminfo"
    }
},
{
    "model": "contenttypes.contenttype",
    "pk": 11,
    "fields": {
        "app_label": "secureapp",
        "model": "platform"
    }
},
{
    "model": "contenttypes.contenttype",
    "pk": 12,
    "fields": {
        "app_label": "secureapp",
        "model": "itemsecretingredient"
    }
},
{
    "model": "contenttypes.contenttype",
    "pk": 13,
    "fields": {
        "app_label": "secureapp",
        "model": "itemsecret"
    }
},
{
    "model": "account.useraccount",
    "pk": 1,
    "fields": {
        "password": "pbkdf2_sha256$600000$VSOHG0trJZSWuwQ4N2zN6p$XCyLy/vCa8AgYWxTjYn8m2K/+L73TU/bAWRFJntKD/Q=",
        "last_login": null,
        "first_name": "Usman",
        "last_name": "MT",
        "gender": "male",
        "date_of_birth": null,
        "username": "usmanmt",
        "email": "usmanmt@mail.com",
        "phone_number": "+2348123456789",
        "country": "",
        "date_joined": "2024-08-01T17:37:33.040Z",
        "last_modified": "2024-08-01T17:37:37.633Z",
        "passcode_hash": null,
        "is_active": true,
        "is_staff": true,
        "is_superuser": true
    }
},
{
    "model": "account.useraccount",
    "pk": 2,
    "fields": {
        "password": "pbkdf2_sha256$600000$1JxtQF7QCm9FLldkFTeq0g$8dlLEmxb+EkHYS+wzz030WaUIPF5PvLWxPRNIg3OO40=",
        "last_login": null,
        "first_name": "Aliyu",
        "last_name": "Muhammad",
        "gender": "male",
        "date_of_birth": null,
        "username": "aliyumuhammad",
        "email": "aliyumuhammad@mail.com",
        "phone_number": "+2348123456789",
        "country": "",
        "date_joined": "2024-08-01T17:37:33.649Z",
        "last_modified": "2024-08-01T17:37:37.661Z",
        "passcode_hash": null,
        "is_active": true,
        "is_staff": false,
        "is_superuser": false
    }
},
{
    "model": "account.useraccount",
    "pk": 3,
    "fields": {
        "password": "pbkdf2_sha256$600000$UblPNhkEyCycCIKdIG7vrI$lLipBYsk9KXI8K4SfHnq0UWdUXl09Esb61aq8Qhxoj8=",
        "last_login": null,
        "first_name": "Fatima",
        "last_name": "Sani",
        "gender": "male",
        "date_of_birth": null,
        "username": "fatimasani",
        "email": "fatimasani@mail.com",
        "phone_number": "+2348123456789",
        "country": "",
        "date_joined": "2024-08-01T17:37:34.033Z",
        "last_modified": "2024-08-01T17:37:37.670Z",
        "passcode_hash": null,
        "is_active": true,
        "is_staff": false,
        "is_superuser": false
    }
},
{
    "model": "account.useraccount",
    "pk": 4,
    "fields": {
        "password": "pbkdf2_sha256$600000$0kvRX5kZAeSi2mg2cQewrR$l806JwOzu3bqtkk/QXNL0lTeuw4EN4MhgGJ7PO6iAuk=",
        "last_login": null,
        "first_name": "Ahmad",
        "last_name": "Amiun",
        "gender": "male",
        "date_of_birth": null,
        "username": "ahmadaminu",
        "email": "ahmadaminu@mail.com",
        "phone_number": "+2348123456789",
        "country": "",
        "date_joined": "2024-08-01T17:37:34.490Z",
        "last_modified": "2024-08-01T17:37:37.693Z",
        "passcode_hash": null,
        "is_active": true,
        "is_staff": false,
        "is_superuser": false
    }
},
{
    "model": "account.useraccount",
    "pk": 5,
    "fields": {
        "password": "pbkdf2_sha256$600000$g8UjVoCL5FnQYiPY0WyinI$XwmwfUiAoeWGuieaDOUZI1xVDTnacz02Qlw6cjU2muQ=",
        "last_login": null,
        "first_name": "John",
        "last_name": "Christain",
        "gender": "male",
        "date_of_birth": null,
        "username": "johnchristain",
        "email": "johnchristain@mail.com",
        "phone_number": "+2348123456789",
        "country": "",
        "date_joined": "2024-08-01T17:37:35.041Z",
        "last_modified": "2024-08-01T17:37:37.713Z",
        "passcode_hash": null,
        "is_active": true,
        "is_staff": false,
        "is_superuser": false
    }
},
{
    "model": "account.useraccount",
    "pk": 6,
    "fields": {
        "password": "pbkdf2_sha256$600000$s97xkcGpWXpgOD2ptXt0xh$nslqvjXG4vZayuYmoO2jcpKyzvJU8cVKGeJSiP8Jam8=",
        "last_login": null,
        "first_name": "Nura",
        "last_name": "Ali",
        "gender": "male",
        "date_of_birth": null,
        "username": "nuraali",
        "email": "nuraali@mail.com",
        "phone_number": "+2348123456789",
        "country": "",
        "date_joined": "2024-08-01T17:37:35.703Z",
        "last_modified": "2024-08-01T17:37:37.723Z",
        "passcode_hash": null,
        "is_active": true,
        "is_staff": false,
        "is_superuser": false
    }
},
{
    "model": "account.useraccount",
    "pk": 7,
    "fields": {
        "password": "pbkdf2_sha256$600000$llqXwsG3FwvK1IRKnOwvBz$+kND3WWVDPPFWJacLhMmzpxxA4zhcKi884y1S4/VWLc=",
        "last_login": null,
        "first_name": "Zainab",
        "last_name": "Musa",
        "gender": "male",
        "date_of_birth": null,
        "username": "zainabmusa",
        "email": "zainabmusa@mail.com",
        "phone_number": "+2348123456789",
        "country": "",
        "date_joined": "2024-08-01T17:37:36.005Z",
        "last_modified": "2024-08-01T17:37:37.736Z",
        "passcode_hash": null,
        "is_active": true,
        "is_staff": false,
        "is_superuser": false
    }
},
{
    "model": "account.useraccount",
    "pk": 8,
    "fields": {
        "password": "pbkdf2_sha256$600000$R5jdNVG1UniRyFgFZeGlRR$ySq8JwERGLKBXvZy9J4rVHOlYrSgjRYziQaDokyKpKU=",
        "last_login": null,
        "first_name": "Adamu",
        "last_name": "Musa",
        "gender": "male",
        "date_of_birth": null,
        "username": "adamunmusa",
        "email": "adamunmusa@mail.com",
        "phone_number": "+2348123456789",
        "country": "",
        "date_joined": "2024-08-01T17:37:36.400Z",
        "last_modified": "2024-08-01T17:37:37.749Z",
        "passcode_hash": null,
        "is_active": true,
        "is_staff": false,
        "is_superuser": false
    }
},
{
    "model": "account.useraccount",
    "pk": 9,
    "fields": {
        "password": "pbkdf2_sha256$600000$Gv2PReXoLX6z5lSZSK5eAl$vwjwJmV4cIwIb0kdRk7QEKQl7Wz3zRGw+hKfdDmRUYg=",
        "last_login": null,
        "first_name": "Maryam",
        "last_name": "Yusuf",
        "gender": "male",
        "date_of_birth": null,
        "username": "maryamyusuf",
        "email": "maryamyusuf@mail.com",
        "phone_number": "+2348123456789",
        "country": "",
        "date_joined": "2024-08-01T17:37:36.799Z",
        "last_modified": "2024-08-01T17:37:37.767Z",
        "passcode_hash": null,
        "is_active": true,
        "is_staff": false,
        "is_superuser": false
    }
},
{
    "model": "account.useraccount",
    "pk": 10,
    "fields": {
        "password": "pbkdf2_sha256$600000$t5pUAdRM6I8JP60RjbrueI$TfU3TSkSsaLX35yZhKBJSltRZxmt/Twdlr3FMnl/o/s=",
        "last_login": null,
        "first_name": "Joshua",
        "last_name": "Andy",
        "gender": "male",
        "date_of_birth": null,
        "username": "joshuaandy",
        "email": "joshuaandy@mail.com",
        "phone_number": "+2348123456789",
        "country": "",
        "date_joined": "2024-08-01T17:37:37.220Z",
        "last_modified": "2024-08-01T17:37:37.783Z",
        "passcode_hash": null,
        "is_active": true,
        "is_staff": false,
        "is_superuser": false
    }
},
{
    "model": "account.passcode",
    "pk": 1,
    "fields": {
        "owner": 1,
        "date_modified": "2024-08-01T17:37:37.648Z",
        "passcode_ingredient": null,
        "auth_token": null,
        "session_age": 1,
        "monitor_session_age": true,
        "count_passcode_trial": 0,
        "lucky_number": "",
        "childhood_name": ""
    }
},
{
    "model": "account.passcode",
    "pk": 2,
    "fields": {
        "owner": 2,
        "date_modified": "2024-08-01T17:37:37.665Z",
        "passcode_ingredient": null,
        "auth_token": null,
        "session_age": 1,
        "monitor_session_age": true,
        "count_passcode_trial": 0,
        "lucky_number": "",
        "childhood_name": ""
    }
},
{
    "model": "account.passcode",
    "pk": 3,
    "fields": {
        "owner": 3,
        "date_modified": "2024-08-01T17:37:37.677Z",
        "passcode_ingredient": null,
        "auth_token": null,
        "session_age": 1,
        "monitor_session_age": true,
        "count_passcode_trial": 0,
        "lucky_number": "",
        "childhood_name": ""
    }
},
{
    "model": "account.passcode",
    "pk": 4,
    "fields": {
        "owner": 4,
        "date_modified": "2024-08-01T17:37:37.706Z",
        "passcode_ingredient": null,
        "auth_token": null,
        "session_age": 1,
        "monitor_session_age": true,
        "count_passcode_trial": 0,
        "lucky_number": "",
        "childhood_name": ""
    }
},
{
    "model": "account.passcode",
    "pk": 5,
    "fields": {
        "owner": 5,
        "date_modified": "2024-08-01T17:37:37.718Z",
        "passcode_ingredient": null,
        "auth_token": null,
        "session_age": 1,
        "monitor_session_age": true,
        "count_passcode_trial": 0,
        "lucky_number": "",
        "childhood_name": ""
    }
},
{
    "model": "account.passcode",
    "pk": 6,
    "fields": {
        "owner": 6,
        "date_modified": "2024-08-01T17:37:37.728Z",
        "passcode_ingredient": null,
        "auth_token": null,
        "session_age": 1,
        "monitor_session_age": true,
        "count_passcode_trial": 0,
        "lucky_number": "",
        "childhood_name": ""
    }
},
{
    "model": "account.passcode",
    "pk": 7,
    "fields": {
        "owner": 7,
        "date_modified": "2024-08-01T17:37:37.743Z",
        "passcode_ingredient": null,
        "auth_token": null,
        "session_age": 1,
        "monitor_session_age": true,
        "count_passcode_trial": 0,
        "lucky_number": "",
        "childhood_name": ""
    }
},
{
    "model": "account.passcode",
    "pk": 8,
    "fields": {
        "owner": 8,
        "date_modified": "2024-08-01T17:37:37.757Z",
        "passcode_ingredient": null,
        "auth_token": null,
        "session_age": 1,
        "monitor_session_age": true,
        "count_passcode_trial": 0,
        "lucky_number": "",
        "childhood_name": ""
    }
},
{
    "model": "account.passcode",
    "pk": 9,
    "fields": {
        "owner": 9,
        "date_modified": "2024-08-01T17:37:37.775Z",
        "passcode_ingredient": null,
        "auth_token": null,
        "session_age": 1,
        "monitor_session_age": true,
        "count_passcode_trial": 0,
        "lucky_number": "",
        "childhood_name": ""
    }
},
{
    "model": "account.passcode",
    "pk": 10,
    "fields": {
        "owner": 10,
        "date_modified": "2024-08-01T17:37:37.790Z",
        "passcode_ingredient": null,
        "auth_token": null,
        "session_age": 1,
        "monitor_session_age": true,
        "count_passcode_trial": 0,
        "lucky_number": "",
        "childhood_name": ""
    }
},
{
    "model": "secureapp.category",
    "pk": 1,
    "fields": {
        "timestamp": "2024-08-01T17:37:37.799Z",
        "category_key": "Social media",
        "category_value": "social media"
    }
},
{
    "model": "secureapp.category",
    "pk": 2,
    "fields": {
        "timestamp": "2024-08-01T17:37:37.799Z",
        "category_key": "Cloud",
        "category_value": "cloud"
    }
},
{
    "model": "secureapp.category",
    "pk": 3,
    "fields": {
        "timestamp": "2024-08-01T17:37:37.799Z",
        "category_key": "Card",
        "category_value": "card"
    }
},
{
    "model": "secureapp.category",
    "pk": 4,
    "fields": {
        "timestamp": "2024-08-01T17:37:37.799Z",
        "category_key": "Other",
        "category_value": "other"
    }
},
{
    "model": "secureapp.platform",
    "pk": 1,
    "fields": {
        "category": 1,
        "timestamp": "2024-08-01T17:37:37.830Z",
        "platform_key": "Facebook",
        "platform_value": "facebook"
    }
},
{
    "model": "secureapp.platform",
    "pk": 2,
    "fields": {
        "category": 1,
        "timestamp": "2024-08-01T17:37:37.830Z",
        "platform_key": "Twitter",
        "platform_value": "twitter"
    }
},
{
    "model": "secureapp.platform",
    "pk": 3,
    "fields": {
        "category": 1,
        "timestamp": "2024-08-01T17:37:37.830Z",
        "platform_key": "Instagram",
        "platform_value": "instagram"
    }
},
{
    "model": "secureapp.platform",
    "pk": 4,
    "fields": {
        "category": 1,
        "timestamp": "2024-08-01T17:37:37.830Z",
        "platform_key": "LinkedIn",
        "platform_value": "linkedin"
    }
},
{
    "model": "secureapp.platform",
    "pk": 5,
    "fields": {
        "category": 2,
        "timestamp": "2024-08-01T17:37:37.831Z",
        "platform_key": "Linode",
        "platform_value": "linode"
    }
},
{
    "model": "secureapp.platform",
    "pk": 6,
    "fields": {
        "category": 2,
        "timestamp": "2024-08-01T17:37:37.831Z",
        "platform_key": "AWS",
        "platform_value": "aws"
    }
},
{
    "model": "secureapp.platform",
    "pk": 7,
    "fields": {
        "category": 2,
        "timestamp": "2024-08-01T17:37:37.831Z",
        "platform_key": "Heroku",
        "platform_value": "heroku"
    }
},
{
    "model": "secureapp.platform",
    "pk": 8,
    "fields": {
        "category": 2,
        "timestamp": "2024-08-01T17:37:37.831Z",
        "platform_key": "Digital ocean",
        "platform_value": "digital ocean"
    }
},
{
    "model": "secureapp.platform",
    "pk": 9,
    "fields": {
        "category": 2,
        "timestamp": "2024-08-01T17:37:37.831Z",
        "platform_key": "Github",
        "platform_value": "github"
    }
},
{
    "model": "secureapp.platform",
    "pk": 10,
    "fields": {
        "category": 2,
        "timestamp": "2024-08-01T17:37:37.831Z",
        "platform_key": "Docker",
        "platform_value": "docker"
    }
},
{
    "model": "secureapp.platform",
    "pk": 11,
    "fields": {
        "category": 2,
        "timestamp": "2024-08-01T17:37:37.832Z",
        "platform_key": "Gitlab",
        "platform_value": "gitlab"
    }
},
{
    "model": "secureapp.platform",
    "pk": 12,
    "fields": {
        "category": 2,
        "timestamp": "2024-08-01T17:37:37.832Z",
        "platform_key": "Namecheap",
        "platform_value": "namecheap"
    }
},
{
    "model": "secureapp.platform",
    "pk": 13,
    "fields": {
        "category": 2,
        "timestamp": "2024-08-01T17:37:37.832Z",
        "platform_key": "Bitbucket",
        "platform_value": "bitbucket"
    }
},
{
    "model": "secureapp.platform",
    "pk": 14,
    "fields": {
        "category": 4,
        "timestamp": "2024-08-01T17:37:37.832Z",
        "platform_key": "Gmail",
        "platform_value": "gmail"
    }
},
{
    "model": "secureapp.platform",
    "pk": 15,
    "fields": {
        "category": 4,
        "timestamp": "2024-08-01T17:37:37.832Z",
        "platform_key": "ChatGPT",
        "platform_value": "chatgpt"
    }
},
{
    "model": "secureapp.platform",
    "pk": 16,
    "fields": {
        "category": 2,
        "timestamp": "2024-08-01T17:37:37.832Z",
        "platform_key": "Azure",
        "platform_value": "azure"
    }
},
{
    "model": "secureapp.platform",
    "pk": 17,
    "fields": {
        "category": 1,
        "timestamp": "2024-08-01T17:37:37.833Z",
        "platform_key": "Qiskit api",
        "platform_value": "qiskit api"
    }
},
{
    "model": "secureapp.platform",
    "pk": 18,
    "fields": {
        "category": 2,
        "timestamp": "2024-08-01T17:37:37.833Z",
        "platform_key": "Hostinger",
        "platform_value": "hostinger"
    }
},
{
    "model": "secureapp.platform",
    "pk": 19,
    "fields": {
        "category": 3,
        "timestamp": "2024-08-01T17:37:37.833Z",
        "platform_key": "Bank card",
        "platform_value": "bank card"
    }
},
{
    "model": "secureapp.platform",
    "pk": 20,
    "fields": {
        "category": 1,
        "timestamp": "2024-08-01T17:37:37.833Z",
        "platform_key": "Snapchat",
        "platform_value": "snapchat"
    }
},
{
    "model": "secureapp.platform",
    "pk": 21,
    "fields": {
        "category": 3,
        "timestamp": "2024-08-01T17:37:37.833Z",
        "platform_key": "Visa card",
        "platform_value": "visa card"
    }
},
{
    "model": "secureapp.platform",
    "pk": 22,
    "fields": {
        "category": 3,
        "timestamp": "2024-08-01T17:37:37.834Z",
        "platform_key": "ID card",
        "platform_value": "id card"
    }
},
{
    "model": "secureapp.platform",
    "pk": 23,
    "fields": {
        "category": 3,
        "timestamp": "2024-08-01T17:37:37.834Z",
        "platform_key": "Store id",
        "platform_value": "store id"
    }
},
{
    "model": "secureapp.platform",
    "pk": 24,
    "fields": {
        "category": 3,
        "timestamp": "2024-08-01T17:37:37.834Z",
        "platform_key": "Credit card",
        "platform_value": "credit card"
    }
}
]
